{"_type":"export","__export_format":4,"__export_date":"2021-11-07T01:12:36.193Z","__export_source":"insomnia.desktop.app:v2021.6.0","resources":[{"_id":"req_31b406606e974e9a84fae17b1249b668","parentId":"fld_60b1bf0054164f9ea3c86214b3257358","modified":1635992159447,"created":1635986372614,"url":"{{ _.url }}/auth/login","name":"Login","description":"","method":"POST","body":{"mimeType":"application/json","text":"{\n\t\"email\": \"isadfrn.bvrftgb@gmail.com\",\n\t\"password\": \"1234567\"\n}"},"parameters":[],"headers":[{"name":"Content-Type","value":"application/json","id":"pair_00950782ad374f62ad1dbe8dabe59432","disabled":false}],"authentication":{},"metaSortKey":-1635986372614,"isPrivate":false,"settingStoreCookies":true,"settingSendCookies":true,"settingDisableRenderRequestBody":false,"settingEncodeUrl":true,"settingRebuildPath":true,"settingFollowRedirects":"global","_type":"request"},{"_id":"fld_60b1bf0054164f9ea3c86214b3257358","parentId":"wrk_50afbfb308f44911ac45991a28e523f3","modified":1635986359681,"created":1635986359681,"name":"Auth","description":"","environment":{},"environmentPropertyOrder":null,"metaSortKey":-1635986359681,"_type":"request_group"},{"_id":"wrk_50afbfb308f44911ac45991a28e523f3","parentId":null,"modified":1635555938339,"created":1635555938339,"name":"Netflix","description":"","scope":"collection","_type":"workspace"},{"_id":"req_944eb3d7b21843bb97595581816cebcc","parentId":"fld_49f0451afee842cebeb1e824dc276a1a","modified":1635808494585,"created":1635807829633,"url":"{{ _.url }}/movies/create","name":"Create movie","description":"","method":"POST","body":{"mimeType":"application/json","text":"{\n\t\"name\": \"Titanic\",\n\t\"year\": \"1998-01-16T00:00:00.451Z\",\n\t\"length\": \"1998-01-16T15:15:00.451Z\",\n\t\"storyline\": \"Seventeen-year-old Rose hails from an aristocratic family and is set to be married. When she boards the Titanic, she meets Jack Dawson, an artist, and falls in love with him.\",\n\"image\": \"https://www.google.com/url?sa=i&url=https%3A%2F%2Fpt.wikipedia.org%2Fwiki%2FTitanic_(filme_de_1997)&psig=AOvVaw1qvBGtarGUxI9xw0YWYgLm&ust=1635894580053000&source=images&cd=vfe&ved=0CAsQjRxqFwoTCPjvoa2k-PMCFQAAAAAdAAAAABAD\"\n}"},"parameters":[],"headers":[{"name":"Content-Type","value":"application/json","id":"pair_c9db16eb921349e0b86384477da28a4e"}],"authentication":{},"metaSortKey":-1635807829633,"isPrivate":false,"settingStoreCookies":true,"settingSendCookies":true,"settingDisableRenderRequestBody":false,"settingEncodeUrl":true,"settingRebuildPath":true,"settingFollowRedirects":"global","_type":"request"},{"_id":"fld_49f0451afee842cebeb1e824dc276a1a","parentId":"wrk_50afbfb308f44911ac45991a28e523f3","modified":1635807810105,"created":1635807810105,"name":"Movies","description":"","environment":{},"environmentPropertyOrder":null,"metaSortKey":-1635807810105,"_type":"request_group"},{"_id":"req_e4f34f3863a84f6cab62c7a9b8c71688","parentId":"fld_49f0451afee842cebeb1e824dc276a1a","modified":1635815611378,"created":1635815603519,"url":"{{ _.url }}/movies/find-all","name":"Find all movies","description":"","method":"GET","body":{},"parameters":[],"headers":[],"authentication":{},"metaSortKey":-1635807829583,"isPrivate":false,"settingStoreCookies":true,"settingSendCookies":true,"settingDisableRenderRequestBody":false,"settingEncodeUrl":true,"settingRebuildPath":true,"settingFollowRedirects":"global","_type":"request"},{"_id":"req_a5d7ed29703e4f9688d012edcffdf637","parentId":"fld_49f0451afee842cebeb1e824dc276a1a","modified":1635815802033,"created":1635815766594,"url":"{{ _.url }}/movies/find/1550a2fa-5c57-4b7b-b0f8-7eedbdd1b3a6","name":"Find one movie","description":"","method":"GET","body":{},"parameters":[],"headers":[],"authentication":{},"metaSortKey":-1635807829533,"isPrivate":false,"settingStoreCookies":true,"settingSendCookies":true,"settingDisableRenderRequestBody":false,"settingEncodeUrl":true,"settingRebuildPath":true,"settingFollowRedirects":"global","_type":"request"},{"_id":"req_3d971afe6d4b4b92a5c4474d07744783","parentId":"fld_49f0451afee842cebeb1e824dc276a1a","modified":1635979993199,"created":1635979949916,"url":"{{ _.url }}/movies/delete/0a04cc77-07d9-4e17-8fab-7318828fb7d4","name":"Delete one movie","description":"","method":"DELETE","body":{},"parameters":[],"headers":[],"authentication":{},"metaSortKey":-1635807829483,"isPrivate":false,"settingStoreCookies":true,"settingSendCookies":true,"settingDisableRenderRequestBody":false,"settingEncodeUrl":true,"settingRebuildPath":true,"settingFollowRedirects":"global","_type":"request"},{"_id":"req_a8c174cefabe4071b46e9ca3cadee689","parentId":"fld_577637d086f7490db48559934f741729","modified":1635813001988,"created":1635812982245,"url":"{{ _.url }}/find-all","name":"Find all users","description":"","method":"GET","body":{},"parameters":[],"headers":[],"authentication":{},"metaSortKey":-1635809987339,"isPrivate":false,"settingStoreCookies":true,"settingSendCookies":true,"settingDisableRenderRequestBody":false,"settingEncodeUrl":true,"settingRebuildPath":true,"settingFollowRedirects":"global","_type":"request"},{"_id":"fld_577637d086f7490db48559934f741729","parentId":"wrk_50afbfb308f44911ac45991a28e523f3","modified":1635558733652,"created":1635558733652,"name":"Users","description":"","environment":{},"environmentPropertyOrder":null,"metaSortKey":-1635558733652,"_type":"request_group"},{"_id":"req_e110c06effb14ea99ca52e3418ac8d65","parentId":"fld_577637d086f7490db48559934f741729","modified":1636242695652,"created":1635809987248,"url":"{{ _.url }}/find/","name":"Find one user","description":"","method":"GET","body":{},"parameters":[],"headers":[],"authentication":{},"metaSortKey":-1635809987289,"isPrivate":false,"settingStoreCookies":true,"settingSendCookies":true,"settingDisableRenderRequestBody":false,"settingEncodeUrl":true,"settingRebuildPath":true,"settingFollowRedirects":"global","_type":"request"},{"_id":"req_90f04d4775164983bb9dcaeba3d4d07a","parentId":"fld_577637d086f7490db48559934f741729","modified":1636247524147,"created":1635556181805,"url":"{{ _.url }}/create-user","name":"Create user","description":"","method":"POST","body":{"mimeType":"application/json","text":"{\n\t\"name\": \"RudhyDev\",\n\t\"email\": \"rudhyyy.costa@hotmail.com\",\n\t\"password\": \"Rudhy1991\",\n\t\"passwordConfirmation\": \"Rudhy1991\"\n}"},"parameters":[],"headers":[{"name":"Content-Type","value":"application/json","id":"pair_853314418f40446dae6af4a5fabc4ced"}],"authentication":{},"metaSortKey":-1635556181805,"isPrivate":false,"settingStoreCookies":true,"settingSendCookies":true,"settingDisableRenderRequestBody":false,"settingEncodeUrl":true,"settingRebuildPath":true,"settingFollowRedirects":"global","_type":"request"},{"_id":"req_13fe4d40c34543389c104f602433fccb","parentId":"fld_577637d086f7490db48559934f741729","modified":1636247456935,"created":1635558771325,"url":"{{ _.url }}/create-admin","name":"Create admin","description":"","method":"POST","body":{"mimeType":"application/json","text":"{\n\t\"name\": \"RudhyDeveloper\",\n\t\"email\": \"rudhyyy.coosta@hotmail.com\",\n\t\"password\": \"Rudhy1991\",\n\t\"passwordConfirmation\": \"Rudhy1991\"\n}"},"parameters":[],"headers":[{"name":"Content-Type","value":"application/json","id":"pair_853314418f40446dae6af4a5fabc4ced"}],"authentication":{},"metaSortKey":-1635556181755,"isPrivate":false,"settingStoreCookies":true,"settingSendCookies":true,"settingDisableRenderRequestBody":false,"settingEncodeUrl":true,"settingRebuildPath":true,"settingFollowRedirects":"global","_type":"request"},{"_id":"req_75346a0340e04241b9fd6c6ec6c092a5","parentId":"fld_577637d086f7490db48559934f741729","modified":1635979493004,"created":1635979451482,"url":"{{ _.url }}/delete/85ba47fc-78ff-4ce7-9be8-47df0846d6a2","name":"Delete one user","description":"","method":"DELETE","body":{},"parameters":[],"headers":[],"authentication":{},"metaSortKey":-1635556181705,"isPrivate":false,"settingStoreCookies":true,"settingSendCookies":true,"settingDisableRenderRequestBody":false,"settingEncodeUrl":true,"settingRebuildPath":true,"settingFollowRedirects":"global","_type":"request"},{"_id":"env_9d9f5b5491b3d7051e56c30a8e8e7f24d1e861d2","parentId":"wrk_50afbfb308f44911ac45991a28e523f3","modified":1635555938341,"created":1635555938341,"name":"Base Environment","data":{},"dataPropertyOrder":null,"color":null,"isPrivate":false,"metaSortKey":1635555938341,"_type":"environment"},{"_id":"jar_9d9f5b5491b3d7051e56c30a8e8e7f24d1e861d2","parentId":"wrk_50afbfb308f44911ac45991a28e523f3","modified":1635555938342,"created":1635555938342,"name":"Default Jar","cookies":[],"_type":"cookie_jar"},{"_id":"spc_b82a274ec49c497cac28b65e59dbefd4","parentId":"wrk_50afbfb308f44911ac45991a28e523f3","modified":1635555938339,"created":1635555938339,"fileName":"Netflix","contents":"","contentType":"yaml","_type":"api_spec"},{"_id":"env_05bd9e338e2d43c9893452f02861412e","parentId":"env_9d9f5b5491b3d7051e56c30a8e8e7f24d1e861d2","modified":1635557183864,"created":1635555998948,"name":"dev","data":{"url":"localhost:3000"},"dataPropertyOrder":{"&":["url"]},"color":"#ff0000","isPrivate":false,"metaSortKey":1635555998948,"_type":"environment"}]}